center,in_degree,out_degree,total_degree,weighted_in_degree,weighted_out_degree,weighted_total_degree
IND000000AAL,1,1,2,17,18,35
IND411033AAA,23,20,43,330,403,733
IND000000AAQ,0,1,1,0,2,2
IND700028AAB,2,1,3,25,11,36
IND000000AAS,1,1,2,8,9,17
IND783370AAC,1,1,2,9,8,17
IND000000AAZ,2,2,4,2,2,4
IND444203AAA,2,1,3,3,5,8
IND444303AAA,1,1,2,1,2,3
IND000000ABA,1,1,2,16,7,23
IND683565AAA,1,1,2,7,13,20
IND000000ABD,1,1,2,13,12,25
IND562132AAA,36,35,71,665,768,1433
IND000000ABG,0,1,1,0,11,11
IND501359AAF,3,0,3,59,0,59
IND000000ACA,13,9,22,134,128,262
IND140406AAA,1,1,2,2,7,9
IND142001AAB,2,2,4,27,30,57
IND142401AAA,2,1,3,15,6,21
IND143001AAA,3,1,4,29,19,48
IND144001AAB,5,5,10,76,58,134
IND144514AAA,1,2,3,12,6,18
IND147301AAA,2,2,4,4,2,6
IND152026AAA,6,7,13,35,37,72
IND160002AAC,32,29,61,431,370,801
IND000000ACB,45,49,94,928,1063,1991
IND000000AEL,1,1,2,23,17,40
IND110024AAA,3,1,4,31,9,40
IND110030AAD,2,1,3,58,7,65
IND110037AAK,1,1,2,39,43,82
IND110043AAA,3,2,5,32,38,70
IND110043AAC,1,1,2,9,1,10
IND110052AAA,1,1,2,2,10,12
IND110064AAA,2,3,5,50,42,92
IND110085AAB,4,5,9,50,18,68
IND110092AAC,3,2,5,7,7,14
IND110095AAB,1,1,2,36,1,37
IND121002AAB,1,1,2,57,29,86
IND121004AAB,9,7,16,145,169,314
IND122001AAA,2,5,7,59,26,85
IND122015AAC,1,0,1,2,0,2
IND124103AAA,1,1,2,13,9,22
IND124112AAA,1,3,4,7,8,15
IND125001AAA,7,8,15,27,46,73
IND125005AAA,4,5,9,9,14,23
IND125033AAA,2,2,4,6,5,11
IND127021AAA,2,1,3,11,8,19
IND131028AAB,20,20,40,329,245,574
IND201001AAC,2,2,4,12,3,15
IND201007AAA,8,5,13,49,21,70
IND201301AAF,8,3,11,88,32,120
IND201301AAM,1,1,2,39,27,66
IND209304AAA,16,13,29,172,220,392
IND282002AAD,6,5,11,30,30,60
IND301001AAB,5,3,8,37,18,55
IND301705AAA,2,1,3,7,1,8
IND302014AAA,10,8,18,96,96,192
IND302022AAD,1,1,2,20,7,27
IND328001AAA,3,3,6,13,14,27
IND382430AAB,17,13,30,257,280,537
IND390022AAA,5,4,9,28,50,78
IND421302AAG,29,29,58,583,821,1404
IND462022AAA,13,9,22,143,123,266
IND474003AAA,8,6,14,43,40,83
IND501359AAE,30,27,57,405,329,734
IND521225AAB,8,8,16,61,71,132
IND600056AAB,18,18,36,241,300,541
IND712311AAA,24,22,46,219,262,481
IND751002AAB,13,6,19,85,79,164
IND821115AAB,6,5,11,48,32,80
IND834002AAB,5,7,12,66,80,146
IND842001AAA,12,15,27,158,178,336
IND000000ACK,0,1,1,0,32,32
IND000000ACN,1,1,2,11,16,27
IND000000ACT,0,3,3,0,160,160
IND000000ADM,1,1,2,13,1,14
IND683511AAA,13,7,20,89,86,175
IND000000ADV,0,1,1,0,18,18
IND600044AAC,3,0,3,54,0,54
IND000000AEM,0,2,2,0,22,22
IND110037AAB,1,0,1,11,0,11
IND110064AAB,1,0,1,11,0,11
IND000000AET,1,1,2,4,8,12
IND000000AFF,1,1,2,3,3,6
IND734203AAA,1,0,1,3,0,3
IND000000AFG,0,2,2,0,4,4
IND673027AAB,1,2,3,1,3,4
IND673632AAA,2,4,6,8,15,23
IND000000AFJ,1,2,3,1,21,22
IND695121AAA,1,2,3,20,18,38
IND695572AAB,3,2,5,19,14,33
IND000000AFR,0,1,1,0,8,8
IND000000AFT,5,8,13,172,84,256
IND400072AAB,11,11,22,234,300,534
IND400701AAA,1,2,3,1,18,19
IND400706AAA,1,1,2,2,2,4
IND410206AAA,2,1,3,19,13,32
IND410206AAB,1,1,2,1,36,37
IND410209AAA,1,0,1,40,0,40
IND410210AAA,1,0,1,13,0,13
IND110014AAA,1,1,2,9,11,20
IND110020AAB,1,1,2,9,4,13
IND110037AAM,21,24,45,189,256,445
IND110035AAC,1,1,2,36,3,39
IND201301AAD,1,1,2,3,2,5
IND202001AAB,4,4,8,35,21,56
IND226004AAC,1,0,1,1,0,1
IND250002AAC,2,0,2,3,0,3
IND282001AAA,2,2,4,13,12,25
IND282001AAC,1,1,2,1,2,3
IND781018AAB,17,15,32,90,90,180
IND811399AAA,1,2,3,11,50,61
IND110039AAA,1,1,2,4,3,7
IND110078AAA,1,1,2,33,14,47
IND110044AAB,2,6,8,50,172,222
IND110005AAA,1,0,1,2,0,2
IND110046AAA,1,0,1,1,0,1
IND110077AAA,0,1,1,0,1,1
IND110083AAA,1,1,2,3,1,4
IND110085AAA,1,0,1,1,0,1
IND110087AAA,1,0,1,3,0,3
IND110093AAA,1,1,2,1,1,2
IND121001AAA,1,1,2,24,27,51
IND121002AAA,1,1,2,1,1,2
IND121004AAA,1,1,2,23,10,33
IND121004AAC,1,1,2,9,6,15
IND121102AAA,1,1,2,41,12,53
IND122001AAD,1,1,2,3,10,13
IND122050AAA,2,0,2,11,0,11
IND122101AAC,1,0,1,1,0,1
IND122001AAJ,1,1,2,19,13,32
IND507123AAA,1,1,2,13,12,25
IND122002AAD,0,1,1,0,2,2
IND122503AAA,1,1,2,2,2,4
IND122004AAA,0,2,2,0,44,44
IND122413AAE,1,0,1,43,0,43
IND123001AAA,2,1,3,3,13,16
IND123401AAB,1,2,3,13,13,26
IND123106AAB,1,0,1,10,0,10
IND124001AAB,1,1,2,4,4,8
IND126102AAA,1,2,3,4,7,11
IND124141AAA,1,1,2,3,10,13
IND124507AAA,2,2,4,11,12,23
IND131028AAE,1,1,2,3,1,4
IND125047AAB,2,2,4,10,11,21
IND125051AAA,3,1,4,13,4,17
IND335501AAA,1,1,2,1,1,2
IND335513AAA,3,3,6,20,16,36
IND335523AAB,3,1,4,6,1,7
IND335524AAA,2,1,3,7,1,8
IND125050AAA,1,1,2,1,2,3
IND125111AAA,1,1,2,4,2,6
IND125104AAA,1,1,2,10,1,11
IND125121AAA,1,1,2,2,3,5
IND126116AAA,1,1,2,5,5,10
IND131301AAA,2,1,3,7,2,9
IND126112AAA,0,1,1,0,16,16
IND127201AAA,1,1,2,8,3,11
IND131021AAA,0,1,1,0,58,58
IND131028AAA,1,0,1,58,0,58
IND132103AAA,2,2,4,3,8,11
IND136118AAA,1,1,2,17,22,39
IND201204AAA,1,1,2,9,6,15
IND244001AAA,1,1,2,19,16,35
IND244235AAA,1,1,2,21,20,41
IND247667AAA,1,1,2,5,14,19
IND247667AAB,1,1,2,15,2,17
IND248001AAA,3,1,4,29,12,41
IND248001AAD,2,1,3,3,9,12
IND249407AAA,5,3,8,49,54,103
IND250002AAA,3,1,4,8,5,13
IND250609AAA,1,0,1,1,0,1
IND250611AAA,1,1,2,3,11,14
IND251001AAA,1,1,2,10,12,22
IND132001AAA,2,3,5,7,6,13
IND132103AAB,1,2,3,3,8,11
IND133004AAA,0,1,1,0,6,6
IND135001AAA,2,1,3,7,12,19
IND134102AAA,2,1,3,3,16,19
IND174103AAA,4,1,5,20,6,26
IND134109AAA,0,1,1,0,15,15
IND134203AAA,1,2,3,1,15,16
IND140501AAA,1,1,2,14,14,28
IND173025AAA,1,1,2,12,11,23
IND136027AAA,1,1,2,22,21,43
IND132039AAA,1,0,1,21,0,21
IND136128AAA,1,1,2,22,22,44
IND140001AAA,1,1,2,21,19,40
IND140118AAA,1,1,2,19,17,36
IND140301AAA,1,2,3,21,40,61
IND140901AAA,2,2,4,40,40,80
IND140401AAA,2,3,5,8,7,15
IND160055AAA,2,1,3,36,21,57
IND141003AAB,0,3,3,0,29,29
IND141109AAA,2,1,3,19,18,37
IND142026AAA,1,2,3,21,19,40
IND141010AAA,0,1,1,0,1,1
IND141115AAA,2,1,3,9,14,23
IND151001AAA,6,4,10,48,51,99
IND144001AAA,1,1,2,2,16,18
IND144040AAA,2,1,3,17,10,27
IND144401AAB,1,1,2,14,17,31
IND144601AAA,1,2,3,3,3,6
IND144001AAC,0,2,2,0,27,27
IND144527AAA,0,1,1,0,4,4
IND145001AAA,1,2,3,13,8,21
IND176201AAA,1,1,2,7,9,16
IND176303AAA,2,1,3,10,10,20
IND147001AAB,2,2,4,13,13,26
IND147201AAA,2,1,3,7,7,14
IND147001AAD,2,3,5,9,7,16
IND148023AAA,2,2,4,8,3,11
IND147101AAA,2,2,4,10,10,20
IND147105AAA,2,2,4,12,8,20
IND148001AAA,1,0,1,2,0,2
IND148024AAB,1,0,1,1,0,1
IND148028AAA,0,2,2,0,12,12
IND148101AAA,1,1,2,8,5,13
IND148102AAA,1,1,2,5,1,6
IND151103AAA,1,1,2,5,2,7
IND151302AAA,1,1,2,17,16,33
IND151505AAA,1,1,2,16,5,21
IND151506AAA,1,1,2,5,18,23
IND152024AAA,1,1,2,2,2,4
IND152123AAA,1,1,2,2,1,3
IND152101AAA,1,1,2,1,2,3
IND152107AAA,2,1,3,2,1,3
IND152116AAA,1,2,3,2,2,4
IND140603AAA,1,0,1,29,0,29
IND160003AAA,1,1,2,1,1,2
IND160102AAC,1,1,2,25,28,53
IND173212AAA,2,4,6,19,9,28
IND174001AAA,2,1,3,29,15,44
IND174307AAA,1,1,2,14,17,31
IND176041AAA,2,0,2,19,0,19
IND181152AAA,3,1,4,6,5,11
IND184104AAA,2,4,6,9,12,21
IND160102AAD,0,2,2,0,15,15
IND160002AAD,1,0,1,3,0,3
IND173220AAA,1,2,3,5,3,8
IND175018AAA,1,1,2,15,16,31
IND174021AAA,0,1,1,0,12,12
IND176048AAA,1,1,2,12,11,23
IND174101AAB,0,2,2,0,12,12
IND175001AAA,1,1,2,16,17,33
IND175101AAA,1,1,2,17,4,21
IND175015AAA,1,1,2,11,13,24
IND176061AAA,1,1,2,3,2,5
IND176110AAB,1,1,2,7,9,16
IND177033AAA,1,1,2,9,18,27
IND176215AAA,0,1,1,0,3,3
IND176310AAA,1,1,2,10,13,23
IND177001AAA,0,1,1,0,7,7
IND177101AAA,1,2,3,3,3,6
IND176001AAA,1,0,1,2,0,2
IND176001AAB,1,0,1,1,0,1
IND177203AAA,0,1,1,0,3,3
IND184121AAA,3,4,7,12,10,22
IND181152AAB,3,3,6,11,12,23
IND181201AAB,1,1,2,7,8,15
IND201001AAA,1,1,2,4,5,9
IND201005AAA,1,1,2,3,1,4
IND201007AAB,1,3,4,1,17,18
IND245101AAA,2,2,4,16,17,33
IND245304AAA,2,2,4,26,27,53
IND201301AAL,2,2,4,29,16,45
IND201304AAA,2,1,3,13,18,31
IND203205AAA,1,0,1,19,0,19
IND201307AAA,1,1,2,5,28,33
IND201306AAA,0,2,2,0,9,9
IND205001AAB,3,5,8,26,21,47
IND207123AAA,1,1,2,2,1,3
IND202001AAC,0,1,1,0,4,4
IND204215AAA,1,1,2,4,6,10
IND203001AAA,0,1,1,0,5,5
IND203131AAA,1,1,2,5,16,21
IND203135AAA,1,2,3,16,16,32
IND203390AAA,2,1,3,19,20,39
IND203396AAB,1,1,2,12,15,27
IND204101AAA,1,2,3,4,4,8
IND207001AAA,1,1,2,6,6,12
IND205135AAA,1,1,2,8,13,21
IND209625AAA,2,1,3,11,11,22
IND209721AAB,1,1,2,10,10,20
IND283203AAA,2,2,4,14,14,28
IND206001AAA,1,1,2,19,20,39
IND206122AAA,1,1,2,20,19,39
IND207302AAA,1,1,2,6,6,12
IND207247AAB,2,1,3,10,10,20
IND208006AAA,1,1,2,14,3,17
IND208012AAA,1,1,2,21,13,34
IND208017AAA,0,1,1,0,6,6
IND208019AAA,1,1,2,18,6,24
IND209101AAA,1,1,2,16,17,33
IND209111AAA,1,1,2,17,21,38
IND285001AAD,1,1,2,21,21,42
IND209206AAB,1,1,2,18,15,33
IND210301AAA,1,0,1,15,0,15
IND209801AAA,1,1,2,20,5,25
IND211002AAB,6,4,10,52,49,101
IND212601AAA,1,1,2,16,16,32
IND221313AAA,1,6,7,6,15,21
IND241124AAB,1,1,2,11,4,15
IND210001AAA,1,1,2,16,10,26
IND210427AAA,1,1,2,10,9,19
IND210431AAA,1,1,2,5,5,10
IND210501AAB,0,1,1,0,16,16
IND211011AAA,1,1,2,13,13,26
IND211013AAA,1,0,1,7,0,7
IND485001AAC,2,5,7,29,21,50
IND211008AAA,0,1,1,0,6,6
IND211010AAB,0,1,1,0,1,1
IND212501AAA,1,1,2,13,13,26
IND212402AAA,1,1,2,13,13,26
IND221010AAA,1,1,2,2,1,3
IND221005A1A,1,0,1,1,0,1
IND221010AAB,2,3,5,2,5,7
IND222001AAA,2,1,3,2,1,3
IND232101AAB,2,1,3,4,7,11
IND233001AAA,1,2,3,3,4,7
IND221303AAA,1,1,2,2,3,5
IND231001AAA,1,0,1,3,0,3
IND221401AAA,1,1,2,1,2,3
IND222136AAA,2,0,2,2,0,2
IND276128AAA,1,1,2,2,6,8
IND221706AAA,1,1,2,7,11,18
IND273014AAB,6,6,12,48,45,93
IND222125AAB,1,1,2,7,1,8
IND223101AAB,1,1,2,7,7,14
IND224001AAA,0,1,1,0,13,13
IND224141AAB,1,1,2,13,17,30
IND224122AAA,1,0,1,17,0,17
IND226004AAA,0,2,2,0,7,7
IND226016AAA,1,0,1,6,0,6
IND226024AAA,1,0,1,1,0,1
IND231205AAA,1,1,2,4,3,7
IND231216AAA,2,0,2,6,0,6
IND231208AAA,0,1,1,0,6,6
IND231217AAA,1,1,2,6,7,13
IND231225AAB,1,1,2,7,7,14
IND486886AAA,1,1,2,7,7,14
IND232104AAB,1,3,4,7,4,11
IND232327AAA,1,0,1,1,0,1
IND233221AAC,1,0,1,2,0,2
IND275101AAA,1,1,2,3,2,5
IND275503AAA,2,1,3,3,4,7
IND242001AAA,1,1,2,4,1,5
IND242307AAB,1,2,3,1,10,11
IND242221AAA,1,1,2,5,5,10
IND243001AAA,0,2,2,0,15,15
IND243503AAB,3,1,4,15,11,26
IND244901AAB,10,7,17,64,67,131
IND243002AAA,1,1,2,16,1,17
IND243201AAA,2,1,3,3,4,7
IND262001AAA,2,2,4,5,7,12
IND243301AAB,1,2,3,10,12,22
IND244901AAC,1,1,2,2,1,3
IND263153AAB,6,7,13,48,56,104
IND244221AAA,1,1,2,20,21,41
IND244301AAA,1,1,2,10,11,21
IND244412AAA,1,2,3,11,13,24
IND244501AAA,1,1,2,10,8,18
IND244601AAB,2,1,3,9,9,18
IND244713AAA,3,2,5,18,17,35
IND244715AAA,2,2,4,17,17,34
IND263401AAA,3,2,5,18,16,34
IND244921AAB,2,2,4,6,3,9
IND246725AAB,1,1,2,14,10,24
IND246001AAA,0,1,1,0,4,4
IND249201AAA,2,2,4,22,21,43
IND246149AAA,1,1,2,18,15,33
IND246174AAA,2,1,3,20,16,36
IND246444AAB,1,1,2,16,15,31
IND246424AAA,1,1,2,15,16,31
IND246701AAA,1,1,2,10,12,22
IND246763AAA,1,2,3,12,14,26
IND246761AAA,1,3,4,11,12,23
IND247554AAA,1,2,3,12,14,26
IND247776AAA,1,1,2,11,9,20
IND251309AAB,1,1,2,9,10,19
IND248122AAB,1,1,2,16,15,31
IND248197AAA,0,1,1,0,16,16
IND250221AAA,0,1,1,0,1,1
IND251201AAA,1,2,3,1,2,3
IND261001AAA,1,1,2,19,20,39
IND262701AAA,1,1,2,20,20,40
IND261201AAB,0,1,1,0,19,19
IND262122AAB,1,1,2,6,4,10
IND262405AAA,0,1,1,0,2,2
IND262501AAA,2,1,3,11,8,19
IND262802AAA,1,1,2,20,21,41
IND262723AAB,1,0,1,21,0,21
IND263002AAA,1,1,2,13,13,26
IND263645AAA,3,2,5,15,13,28
IND263139AAA,1,1,2,7,6,13
IND263601AAA,1,3,4,12,12,24
IND271001AAA,1,2,3,12,6,18
IND271201AAA,1,1,2,5,6,11
IND271210AAA,2,1,3,7,12,19
IND272001AAA,1,2,3,3,7,10
IND272175AAA,1,0,1,2,0,2
IND272155AAA,0,1,1,0,3,3
IND272207AAB,0,1,1,0,3,3
IND272153AAC,1,0,1,3,0,3
IND273155AAA,1,2,3,5,2,7
IND273304AAA,2,1,3,3,14,17
IND274001AAA,2,2,4,17,14,31
IND274301AAB,3,1,4,15,16,31
IND277303AAC,1,1,2,18,6,24
IND273303AAA,1,1,2,1,1,2
IND274509AAB,1,3,4,13,5,18
IND274304AAA,2,1,3,3,6,9
IND274304AAB,2,2,4,10,14,24
IND274402AAA,1,2,3,2,5,7
IND275303AAA,1,1,2,4,4,8
IND276140AAA,1,1,2,4,1,5
IND276305AAA,1,1,2,6,7,13
IND276129AAA,1,1,2,1,1,2
IND277201AAA,1,1,2,5,7,12
IND277211AAA,1,1,2,6,5,11
IND281121AAB,0,1,1,0,13,13
IND281401AAA,0,2,2,0,12,12
IND321022AAA,1,1,2,9,9,18
IND282001AAF,0,1,1,0,18,18
IND283122AAB,1,2,3,18,10,28
IND281004AAA,1,0,1,8,0,8
IND282005AAA,1,0,1,3,0,3
IND284001AAA,0,1,1,0,6,6
IND284403AAA,1,2,3,6,3,9
IND472001AAA,2,2,4,11,19,30
IND285205AAB,1,1,2,21,5,26
IND321001AAB,1,2,3,13,8,21
IND321606AAA,2,2,4,7,9,16
IND301019AAA,0,2,2,0,8,8
IND302004AAA,1,2,3,26,9,35
IND302014AAB,9,12,21,66,150,216
IND302033AAB,1,0,1,1,0,1
IND302006AAA,1,1,2,16,13,29
IND302006AAC,1,1,2,22,1,23
IND303702AAB,1,2,3,9,12,21
IND305001AAC,5,4,9,67,45,112
IND306401AAB,3,4,7,34,60,94
IND313001AAB,4,5,9,47,53,100
IND332404AAA,2,1,3,9,12,21
IND302020AAA,1,1,2,18,19,37
IND302023AAA,1,0,1,19,0,19
IND302026AAA,1,1,2,19,3,22
IND303008AAB,1,1,2,5,5,10
IND303301AAB,1,1,2,10,12,22
IND303303AAA,2,1,3,15,16,31
IND303603AAB,2,2,4,7,7,14
IND303901AAA,1,1,2,10,3,13
IND304001AAA,2,1,3,4,1,5
IND303002AAA,1,1,2,9,10,19
IND303338AAB,2,1,3,6,6,12
IND303106AAA,1,2,3,9,11,20
IND303108AAB,0,1,1,0,9,9
IND322230AAA,1,1,2,16,14,30
IND303503AAA,1,1,2,12,11,23
IND332001AAB,3,6,9,20,34,54
IND322001AAC,1,1,2,1,3,4
IND305802AAA,1,1,2,11,6,17
IND305901AAA,1,2,3,17,7,24
IND342602AAC,2,2,4,8,4,12
IND305404AAA,1,2,3,8,14,22
IND305601AAC,1,1,2,13,18,31
IND305624AAA,3,1,4,10,8,18
IND341512AAA,1,1,2,6,5,11
IND306116AAA,1,1,2,1,3,4
IND306001AAA,1,0,1,3,0,3
IND306304AAB,1,1,2,1,1,2
IND311302AAA,2,1,3,4,3,7
IND342005AAD,2,4,6,32,19,51
IND343001AAA,1,1,2,5,2,7
IND306902AAA,1,1,2,2,1,3
IND307001AAA,1,1,2,2,2,4
IND311001AAA,2,1,3,14,5,19
IND313324AAA,1,1,2,5,14,19
IND311301AAA,0,1,1,0,6,6
IND312001AAA,2,2,4,22,19,41
IND312601AAA,1,1,2,6,6,12
IND312403AAA,1,1,2,7,9,16
IND458664AAA,1,1,2,6,7,13
IND312605AAB,2,2,4,14,19,33
IND458001AAB,1,1,2,12,11,23
IND327001AAB,1,1,2,8,4,12
IND321001AAA,2,2,4,9,13,22
IND321401AAB,2,0,2,12,0,12
IND321408AAB,0,2,2,0,5,5
IND322201AAA,1,2,3,15,14,29
IND322241AAA,1,1,2,14,15,29
IND331022A1B,0,1,1,0,1,1
IND331001A1C,1,0,1,1,0,1
IND331023AAA,1,1,2,5,3,8
IND331304AAA,1,1,2,3,4,7
IND331507AAA,0,1,1,0,3,3
IND331701AAA,1,1,2,1,2,3
IND333001AAA,1,1,2,3,3,6
IND333028AAA,2,2,4,5,2,7
IND333031AAA,2,1,3,15,5,20
IND333042AAA,1,1,2,14,13,27
IND334001AAB,1,1,2,10,2,12
IND334001AAC,1,2,3,3,6,9
IND332713AAA,1,2,3,2,7,9
IND332709AAA,1,0,1,6,0,6
IND332715AAB,1,0,1,1,0,1
IND333502AAA,1,0,1,1,0,1
IND333504AAA,1,1,2,1,2,3
IND334803AAA,2,1,3,6,3,9
IND341001AAC,2,2,4,5,9,14
IND335001AAA,1,1,2,6,10,16
IND335051AAA,1,1,2,7,10,17
IND335803AAA,1,1,2,9,7,16
IND335804AAD,2,2,4,8,11,19
IND335701AAA,2,1,3,11,7,18
IND335703AAA,1,1,2,9,9,18
IND341030AAA,1,1,2,2,3,5
IND341303AAA,2,1,3,10,14,24
IND341306AAA,1,1,2,14,4,18
IND341503AAB,1,1,2,12,12,24
IND341510AAB,2,1,3,13,14,27
IND341505AAA,1,2,3,5,13,18
IND342601AAA,1,2,3,9,9,18
IND342902A1B,2,1,3,7,9,16
IND342902AAA,2,1,3,8,5,13
IND344022AAB,1,2,3,4,10,14
IND342301AAA,4,1,5,16,14,30
IND343029AAB,1,1,2,2,2,4
IND344001AAA,1,3,4,9,13,22
IND345001AAA,1,2,3,6,5,11
IND345021AAA,2,1,3,7,10,17
IND360003AAA,0,1,1,0,2,2
IND360311AAA,1,1,2,2,1,3
IND360050AAA,1,0,1,1,0,1
IND360370AAA,1,1,2,10,1,11
IND360410AAA,1,1,2,1,2,3
IND360490AAA,1,1,2,2,10,12
IND362001AAA,3,4,7,36,37,73
IND360510AAB,1,1,2,10,13,23
IND360530AAB,1,1,2,13,15,28
IND360575AAA,1,1,2,11,10,21
IND361001AAA,0,1,1,0,16,16
IND361305AAC,1,2,3,16,11,27
IND361315AAA,1,1,2,10,11,21
IND361335AAA,2,1,3,12,1,13
IND360002AAB,3,0,3,4,0,4
IND362220AAA,1,2,3,14,8,22
IND362265AAA,3,1,4,10,16,26
IND362150AAA,1,1,2,11,11,22
IND362225AAA,1,1,2,6,6,12
IND362720AAA,1,1,2,16,17,33
IND362560AAA,1,1,2,17,11,28
IND363001AAA,1,1,2,13,14,27
IND363421AAB,1,1,2,14,13,27
IND363310AAB,2,1,3,9,9,18
IND363330AAB,1,1,2,8,8,16
IND364710AAA,1,0,1,13,0,13
IND363520AAC,0,1,1,0,13,13
IND363621AAB,1,1,2,6,2,8
IND363641AAA,0,2,2,0,7,7
IND364004AAB,1,1,2,11,7,18
IND365560AAA,1,1,2,7,7,14
IND364270AAA,0,1,1,0,2,2
IND364001AAA,1,0,1,2,0,2
IND364290AAA,1,1,2,11,1,12
IND365560AAB,2,1,3,8,11,19
IND370001AAA,2,3,5,17,13,30
IND370110AAA,1,2,3,4,15,19
IND370201AAA,2,2,4,13,9,22
IND370615AAB,2,1,3,9,3,12
IND380005AAA,1,3,4,36,10,46
IND382421AAA,1,2,3,7,29,36
IND382721AAA,2,1,3,16,15,31
IND380006AAA,0,1,1,0,18,18
IND380006AAB,0,1,1,0,27,27
IND380021AAA,0,1,1,0,32,32
IND380054AAA,1,1,2,40,24,64
IND380015AAB,1,0,1,35,0,35
IND382345AAA,1,0,1,34,0,34
IND384205AAA,6,6,12,52,50,102
IND387620AAB,1,1,2,1,1,2
IND388320AAA,4,4,8,54,19,73
IND389001AAA,1,1,2,21,21,42
IND395023AAA,8,8,16,81,93,174
IND382715AAA,1,1,2,18,18,36
IND383001AAA,1,1,2,11,13,24
IND383315AAC,1,2,3,13,13,26
IND383255AAB,1,1,2,12,9,21
IND384170AAA,1,1,2,6,12,18
IND384265AAB,1,2,3,12,12,24
IND384355AAB,1,2,3,13,13,26
IND385001AAA,2,1,3,13,14,27
IND385320AAA,1,1,2,11,16,27
IND385340AAB,2,1,3,17,4,21
IND385535AAA,1,1,2,14,17,31
IND387001AAA,1,1,2,11,14,25
IND388220AAA,2,1,3,15,14,29
IND389230AAB,1,0,1,1,0,1
IND388121AAA,1,1,2,1,11,12
IND388620AAB,1,1,2,11,13,24
IND389151AAA,1,1,2,21,11,32
IND457661AAA,1,0,1,11,0,11
IND390018AAB,1,1,2,1,1,2
IND390020AAA,3,3,6,8,10,18
IND391110AAD,1,2,3,7,5,12
IND395001AAA,1,1,2,8,14,22
IND395023AAD,5,5,10,42,63,105
IND395004AAB,1,1,2,17,4,21
IND395006AAA,1,1,2,27,3,30
IND395009AAA,1,1,2,4,16,20
IND395010AAB,0,1,1,0,1,1
IND394221AAA,1,0,1,2,0,2
IND396191AAC,3,5,8,27,29,56
IND396445AAA,1,1,2,7,7,14
IND396001AAA,1,1,2,8,5,13
IND396105AAA,1,1,2,2,2,4
IND396191AAB,0,1,1,0,2,2
IND396210AAA,1,0,1,1,0,1
IND396232AAA,1,1,2,17,15,32
IND396321AAA,2,2,4,15,25,40
IND396580AAB,1,1,2,17,8,25
IND400011AAA,2,2,4,19,65,84
IND400072AAD,3,1,4,85,99,184
IND400015AAA,3,2,5,110,37,147
IND400015AAB,2,2,4,32,29,61
IND400016AAA,0,1,1,0,1,1
IND400016AAB,0,2,2,0,16,16
IND400037AAA,1,1,2,2,13,15
IND400072AAJ,2,1,3,51,2,53
IND400064AAB,0,2,2,0,21,21
IND400072AAA,1,1,2,29,1,30
IND400701AAB,2,1,3,25,26,51
IND401104AAA,4,4,8,185,83,268
IND401104AAB,2,2,4,11,28,39
IND421302AAR,5,4,9,75,59,134
IND421302AAS,1,0,1,2,0,2
IND400072AAC,0,1,1,0,17,17
IND400072AAI,0,1,1,0,1,1
IND000000AFS,1,0,1,1,0,1
IND400102AAB,1,1,2,33,20,53
IND400102AAC,1,2,3,62,36,98
IND400052AAA,1,0,1,8,0,8
IND400612AAA,1,1,2,14,10,24
IND400705AAA,1,1,2,1,12,13
IND421302AAH,2,0,2,31,0,31
IND401208AAA,1,0,1,37,0,37
IND401209AAA,1,1,2,1,23,24
IND401209AAB,0,3,3,0,32,32
IND401501AAA,1,1,2,17,17,34
IND401602AAA,1,1,2,17,17,34
IND402107AAA,1,1,2,13,18,31
IND402109AAA,1,1,2,18,20,38
IND402301AAA,1,1,2,20,13,33
IND403002AAA,1,1,2,4,1,5
IND403726AAB,5,5,10,12,22,34
IND403401AAA,1,1,2,6,3,9
IND403507AAA,1,1,2,5,3,8
IND403507AAB,1,1,2,1,1,2
IND403601AAA,1,1,2,6,4,10
IND403702AAA,1,2,3,9,9,18
IND575004AAB,6,7,13,32,25,57
IND581314AAA,3,2,5,10,10,20
IND403726AAA,4,6,10,43,43,86
IND416510AAA,2,2,4,14,20,34
IND581303AAA,1,2,3,13,14,27
IND581400AAB,2,1,3,13,12,25
IND410401AAA,1,1,2,11,9,20
IND410501AAF,1,1,2,5,4,9
IND410503AAA,1,1,2,3,2,5
IND410505AAB,2,2,4,9,7,16
IND411014AAA,3,3,6,48,28,76
IND411043AAA,1,1,2,7,3,10
IND411048AAA,1,1,2,6,2,8
IND411017AAA,1,1,2,33,2,35
IND412105AAC,1,1,2,2,33,35
IND411021AAA,1,1,2,41,32,73
IND411036AAA,1,1,2,32,33,65
IND413002AAA,5,5,10,51,58,109
IND413501AAA,2,2,4,22,22,44
IND414001AAA,1,3,4,3,3,6
IND416012AAA,5,5,10,45,47,92
IND431136AAC,5,5,10,49,58,107
IND431603AAA,4,4,8,19,21,40
IND580028AAA,9,8,17,67,78,145
IND411033AAB,0,1,1,0,1,1
IND411057AAF,1,0,1,1,0,1
IND412210AAC,1,1,2,1,2,3
IND412803AAB,1,1,2,7,2,9
IND421802AAA,1,1,2,2,7,9
IND413304AAA,2,2,4,13,11,24
IND413307AAC,1,1,2,1,1,2
IND415301AAB,1,1,2,6,4,10
IND413307AAB,1,1,2,4,3,7
IND413401AAA,1,1,2,21,19,40
IND413517AAA,2,2,4,5,3,8
IND431717AAA,1,1,2,2,2,4
IND413531AAA,1,1,2,4,4,8
IND413709AAA,4,3,7,14,17,31
IND423109AAA,3,3,6,16,14,30
IND423601AAA,3,2,5,14,15,29
IND423701AAB,3,1,4,16,18,34
IND414203AAB,1,1,2,1,1,2
IND414302AAB,2,2,4,2,3,5
IND414502AAA,1,1,2,7,7,14
IND431107AAB,1,1,2,7,6,13
IND415003AAA,1,2,3,8,9,17
IND415124AAA,1,1,2,13,16,29
IND415605AAA,1,1,2,16,16,32
IND415408AAC,1,1,2,8,9,17
IND415409AAB,1,1,2,4,13,17
IND415709AAA,1,2,3,16,6,22
IND415612AAA,1,1,2,10,8,18
IND416122AAA,1,1,2,1,1,2
IND591237AAB,1,1,2,10,4,14
IND416404AAA,2,1,3,9,6,15
IND416602AAC,1,1,2,6,7,13
IND416606AAA,1,1,2,14,10,24
IND421301AAA,1,1,2,17,15,32
IND421302AAF,1,1,2,1,12,13
IND400078AAB,1,0,1,1,0,1
IND421401AAC,1,1,2,10,11,21
IND422011AAD,2,4,6,39,35,74
IND444005AAB,3,3,6,46,26,72
IND421302AAN,0,1,1,0,16,16
IND421004AAA,1,0,1,27,0,27
IND421601AAB,1,1,2,11,14,25
IND421502AAA,0,1,1,0,17,17
IND422103AAC,1,2,3,11,11,22
IND422605AAA,1,2,3,10,10,20
IND423105AAA,2,2,4,9,8,17
IND423106AAA,2,1,3,6,8,14
IND423301AAB,1,0,1,7,0,7
IND424006AAA,6,9,15,27,38,65
IND424101AAA,1,1,2,8,1,9
IND424304AAC,3,2,5,10,11,21
IND425401AAA,1,1,2,1,1,2
IND425405AAA,2,2,4,7,15,22
IND425412AAA,4,4,8,15,14,29
IND452001AAC,2,2,4,14,11,25
IND431103AAA,1,0,1,1,0,1
IND424201AAA,1,1,2,1,1,2
IND425109AAA,1,1,2,1,1,2
IND425201AAA,1,1,2,9,9,18
IND425508AAB,2,1,3,11,16,27
IND425409AAA,3,4,7,12,12,24
IND425406AAA,2,3,5,11,7,18
IND450331AAA,1,1,2,16,13,29
IND431001AAB,0,1,1,0,18,18
IND431112AAB,2,1,3,11,11,22
IND431122AAA,1,1,2,9,7,16
IND431127AAA,1,1,2,7,7,14
IND431131AAB,0,1,1,0,1,1
IND431001AAA,1,0,1,20,0,20
IND431203AAA,1,2,3,15,12,27
IND431514AAA,1,1,2,16,16,32
IND431515AAA,1,1,2,16,14,30
IND431517AAB,1,1,2,14,12,26
IND431401AAA,1,0,1,1,0,1
IND431708AAA,1,1,2,15,16,31
IND441206AAB,0,2,2,0,8,8
IND441603AAA,2,1,3,4,1,5
IND442605AAA,2,1,3,8,3,11
IND441614AAA,0,1,1,0,9,9
IND481001AAA,1,0,1,9,0,9
IND441904AAB,0,1,1,0,12,12
IND441912AAA,1,1,2,12,11,23
IND441107AAB,1,0,1,11,0,11
IND442001AAA,0,1,1,0,5,5
IND442101AAB,1,1,2,5,12,17
IND445001AAB,1,0,1,12,0,12
IND443201AAA,1,1,2,2,1,3
IND443301AAA,1,1,2,5,2,7
IND444602AAA,0,1,1,0,21,21
IND445101AAA,0,1,1,0,1,1
IND440014AAA,1,0,1,1,0,1
IND451666AAA,0,2,2,0,10,10
IND454001AAA,0,1,1,0,17,17
IND457001AAA,1,2,3,17,19,36
IND457226AAA,1,1,2,16,16,32
IND458990AAA,1,1,2,11,10,21
IND460001AAA,1,1,2,20,21,41
IND480334AAA,1,1,2,21,21,42
IND461001AAA,1,1,2,5,1,6
IND461111AAA,1,1,2,1,20,21
IND462001AAA,2,1,3,4,28,32
IND462011AAA,1,1,2,30,11,41
IND462021AAA,0,1,1,0,1,1
IND462042AAA,1,1,2,2,17,19
IND465669AAB,1,1,2,10,11,21
IND466001AAA,1,1,2,14,15,29
IND842003AAB,5,8,13,25,37,62
IND464001AAA,0,1,1,0,1,1
IND464221AAA,1,1,2,1,1,2
IND470004AAA,1,4,5,1,6,7
IND464668AAA,1,1,2,7,2,9
IND465001AAA,1,3,4,13,9,22
IND465333A1B,1,2,3,2,2,4
IND465333AAA,2,1,3,4,3,7
IND465683AAA,1,1,2,11,13,24
IND466116AAA,1,1,2,15,13,28
IND470113AAA,2,2,4,9,3,12
IND470117AAA,2,1,3,3,6,9
IND473443AAA,1,1,2,2,7,9
IND470227AAB,2,0,2,7,0,7
IND471001AAA,2,1,3,12,9,21
IND473001AAA,1,1,2,10,11,21
IND473331AAA,1,1,2,11,17,28
IND473226AAA,1,2,3,17,20,37
IND473551AAA,1,0,1,1,0,1
IND475661AAB,1,0,1,1,0,1
IND476001AAA,1,1,2,3,1,4
IND476111AAA,2,2,4,9,8,17
IND477001AAA,1,1,2,6,1,7
IND477001AAB,1,1,2,2,11,13
IND480001AAA,2,2,4,8,12,20
IND480661AAA,3,2,5,14,8,22
IND481661AAA,2,1,3,8,9,17
IND480106AAA,1,0,1,21,0,21
IND480886AAA,1,2,3,8,8,16
IND482002AAA,1,1,2,4,3,7
IND483225AAA,1,1,2,3,3,6
IND483501AAA,2,1,3,14,3,17
IND483770AAA,1,1,2,3,2,5
IND484001AAA,2,2,4,3,7,10
IND484224AAA,1,1,2,3,1,4
IND484446AAA,2,1,3,5,3,8
IND484551AAA,1,1,2,1,1,2
IND484661AAE,1,2,3,2,3,5
IND485771AAA,1,2,3,3,2,5
IND486001AAA,2,1,3,3,2,5
IND486771AAA,3,1,4,8,6,14
IND488001AAA,1,1,2,3,4,7
IND486661AAA,1,1,2,6,5,11
IND486889AAA,1,2,3,7,7,14
IND487001AAA,1,1,2,2,4,6
IND487551AAA,2,1,3,8,7,15
IND487001AAB,1,1,2,5,4,9
IND491001AAA,0,1,1,0,1,1
IND494334AAB,1,1,2,1,11,12
IND492001AAB,0,1,1,0,8,8
IND492007AAA,1,0,1,8,0,8
IND493118AAC,0,1,1,0,11,11
IND495334AAB,1,1,2,11,12,23
IND493445AAB,1,1,2,11,1,12
IND490023AAA,1,0,1,1,0,1
IND495004AAA,0,1,1,0,1,1
IND495671AAA,1,0,1,1,0,1
IND491995AAB,1,0,1,12,0,12
IND495677AAA,0,1,1,0,7,7
IND496001AAA,1,0,1,7,0,7
IND500008AAC,1,2,3,19,14,33
IND500084AAB,1,0,1,1,0,1
IND500008AAD,0,1,1,0,6,6
IND500008AAF,0,1,1,0,19,19
IND500039AAC,5,4,9,46,38,84
IND500010AAA,3,3,6,27,11,38
IND500055AAA,1,2,3,1,2,3
IND501401AAC,3,1,4,19,14,33
IND500010AAB,1,1,2,33,39,72
IND500018AAA,0,1,1,0,4,4
IND500080AAB,2,1,3,28,20,48
IND500032AAA,0,1,1,0,4,4
IND502295AAA,1,1,2,4,2,6
IND500035AAA,1,1,2,2,1,3
IND500039AAB,0,1,1,0,2,2
IND501301AAC,1,1,2,2,2,4
IND500035AAD,1,0,1,8,0,8
IND508116AAA,1,2,3,13,15,28
IND500039AAD,1,1,2,6,8,14
IND500050AAA,2,2,4,20,26,46
IND501218AAC,2,0,2,6,0,6
IND500055AAC,0,1,1,0,17,17
IND501101AAB,1,2,3,5,6,11
IND509216AAC,2,1,3,10,12,22
IND501141AAA,1,1,2,8,5,13
IND503111AAC,3,3,6,10,34,44
IND505001AAB,11,8,19,47,30,77
IND506002AAA,3,3,6,48,39,87
IND508252AAB,1,1,2,7,6,13
IND509001AAA,1,1,2,17,19,36
IND509358AAA,1,2,3,17,17,34
IND515004AAA,6,6,12,58,59,117
IND518002AAA,10,8,18,66,74,140
IND523002AAA,4,5,9,35,39,74
IND533106AAA,8,8,16,50,51,101
IND585104AAA,5,5,10,61,60,121
IND501359AAG,0,1,1,0,11,11
IND502110AAA,1,1,2,19,19,38
IND502313AAA,1,1,2,19,6,25
IND502220AAC,1,1,2,22,22,44
IND502286AAB,1,1,2,22,22,44
IND503185AAA,1,1,2,20,19,39
IND503122AAA,1,1,2,20,19,39
IND503187AAA,1,1,2,19,20,39
IND504201AAA,1,2,3,5,6,11
IND505184AAC,2,2,4,8,11,19
IND504208AAB,3,2,5,14,7,21
IND504251AAA,2,2,4,2,5,7
IND504215AAA,1,2,3,1,16,17
IND505326AAB,2,3,5,5,3,8
IND504293AAA,2,2,4,4,9,13
IND504296AAA,1,3,4,3,4,7
IND505001AAA,0,2,2,0,10,10
IND505302AAB,2,3,5,13,10,23
IND505327AAA,4,1,5,9,12,21
IND505172AAA,1,0,1,1,0,1
IND505209AAA,2,2,4,9,8,17
IND505122AAA,2,1,3,15,16,31
IND505325AAA,1,1,2,5,6,11
IND505326AAA,0,1,1,0,1,1
IND505425AAA,3,2,5,14,2,16
IND505467AAA,1,1,2,13,13,26
IND505503AAA,1,1,2,1,1,2
IND506164AAA,1,0,1,1,0,1
IND506001AAC,0,2,2,0,15,15
IND506132AAA,1,1,2,20,19,39
IND506143AAA,1,1,2,17,16,33
IND506343AAA,1,1,2,2,2,4
IND506167AAB,1,1,2,16,16,32
IND506169AAB,1,1,2,2,1,3
IND506314AAA,1,1,2,12,16,28
IND507002AAA,5,7,12,49,42,91
IND507117AAB,2,1,3,20,18,38
IND507159AAA,2,2,4,15,15,30
IND507167AAA,1,0,1,9,0,9
IND508001AAA,2,1,3,15,14,29
IND508206AAA,3,3,6,18,18,36
IND508207AAB,3,3,6,12,16,28
IND508213AAB,1,1,2,14,14,28
IND507111AAA,0,2,2,0,20,20
IND507303AAA,2,1,3,19,18,37
IND508223AAA,2,1,3,12,14,26
IND508277AAB,1,1,2,14,11,25
IND508248AAB,2,1,3,16,15,31
IND508377AAB,1,1,2,15,12,27
IND509203AAA,1,1,2,19,19,38
IND509103AAB,2,2,4,11,10,21
IND509103AAC,2,1,3,5,6,11
IND509124AAA,2,4,6,17,16,33
IND584101AAA,2,3,5,16,17,33
IND509301AAA,1,2,3,19,19,38
IND509324AAA,1,1,2,9,8,17
IND515401AAB,1,1,2,17,18,35
IND515411AAA,1,1,2,2,2,4
IND515671AAA,1,2,3,13,14,27
IND515801AAA,2,2,4,20,19,39
IND515134AAA,3,2,5,32,23,55
IND515201AAA,1,2,3,15,19,34
IND515591AAA,2,1,3,9,10,19
IND515301AAA,1,1,2,14,16,30
IND561202AAB,1,1,2,16,14,30
IND516360AAB,1,1,2,2,2,4
IND516269AAA,1,1,2,10,15,25
IND515761AAA,2,1,3,19,19,38
IND515865AAB,1,1,2,18,18,36
IND516001AAA,1,1,2,2,2,4
IND516227AAA,1,1,2,2,2,4
IND516101AAA,1,1,2,19,18,37
IND516115AAA,1,1,2,18,17,35
IND517501AAB,2,2,4,33,35,68
IND516390AAA,1,1,2,15,15,30
IND517325AAA,0,1,1,0,1,1
IND517408AAA,1,0,1,1,0,1
IND517583AAA,1,1,2,19,19,38
IND517644AAA,1,1,2,16,15,31
IND524132AAA,1,1,2,15,14,29
IND518206AAA,2,2,4,7,5,12
IND518401AAA,1,1,2,13,12,25
IND518501AAA,1,1,2,18,15,33
IND518102AAA,1,1,2,14,14,28
IND518124AAA,1,2,3,15,7,22
IND518222AAA,1,1,2,4,5,9
IND518422AAB,1,1,2,12,14,26
IND520011AAA,1,1,2,1,8,9
IND521185AAA,2,2,4,9,8,17
IND521001AAA,2,2,4,20,8,28
IND521165AAA,2,1,3,4,3,7
IND521105AAA,1,2,3,3,8,11
IND521333AAA,2,1,3,18,14,32
IND534001AAA,1,2,3,4,15,19
IND521201AAA,1,1,2,21,3,24
IND521301AAA,1,1,2,19,19,38
IND522647AAA,1,1,2,14,19,33
IND523201AAA,1,1,2,19,2,21
IND523105AAA,2,1,3,20,19,39
IND523226AAA,1,1,2,5,13,18
IND523230AAA,1,1,2,21,19,40
IND523316AAB,2,1,3,14,14,28
IND524201AAA,1,1,2,19,18,37
IND524003AAA,1,1,2,14,14,28
IND524101AAB,1,1,2,14,16,30
IND530012AAA,10,11,21,67,71,138
IND530043AAA,1,2,3,13,13,26
IND531001AAA,2,2,4,6,6,12
IND531036AAA,2,1,3,5,4,9
IND531162AAA,2,0,2,8,0,8
IND532001AAB,5,4,9,55,64,119
IND535001AAA,2,1,3,15,10,25
IND764001AAC,2,1,3,4,7,11
IND764020AAC,1,1,2,1,1,2
IND530012AAC,0,2,2,0,5,5
IND530018AAA,0,1,1,0,1,1
IND530026AAA,0,1,1,0,4,4
IND531163AAA,1,1,2,12,13,25
IND531116AAA,1,2,3,5,5,10
IND532127AAA,1,1,2,21,21,42
IND532201AAA,2,2,4,20,21,41
IND532421AAA,1,1,2,20,19,39
IND535591AAA,1,1,2,21,3,24
IND532222AAA,1,2,3,20,12,32
IND761200AAA,2,1,3,12,12,24
IND532440AAA,1,1,2,17,17,34
IND533003AAA,2,2,4,17,21,38
IND533401AAA,1,2,3,18,18,36
IND533201AAA,3,2,5,8,11,19
IND533242AAA,2,1,3,6,2,8
IND533262AAA,2,2,4,15,12,27
IND533308AAB,2,2,4,15,16,31
IND534260AAC,1,1,2,5,4,9
IND535501AAB,1,2,3,20,18,38
IND535558AAA,1,1,2,3,20,23
IND560002AAA,3,2,5,70,40,110
IND560099AAB,11,18,29,354,466,820
IND560027AAA,0,1,1,0,4,4
IND560099AAA,1,0,1,4,0,4
IND560043AAC,4,3,7,133,79,212
IND560064AAA,1,0,1,39,0,39
IND560048AAB,4,2,6,65,43,108
IND560058AAB,3,3,6,95,80,175
IND560060AAB,3,2,5,99,34,133
IND560058AAD,3,1,4,60,36,96
IND560064AAD,0,1,1,0,41,41
IND560067AAC,1,1,2,8,20,28
IND562114AAA,1,2,3,20,17,37
IND560077AAA,1,1,2,1,1,2
IND560078AAC,3,2,5,69,36,105
IND560083AAB,2,2,4,51,32,83
IND560085AAA,3,1,4,53,7,60
IND000000ACS,4,0,4,9,0,9
IND560300AAA,4,12,16,278,331,609
IND632006AAA,4,5,9,35,44,79
IND635001AAA,2,2,4,8,8,16
IND683511AAB,1,0,1,1,0,1
IND560099AAG,0,1,1,0,2,2
IND560099AAH,0,1,1,0,1,1
IND562125AAA,1,1,2,1,1,2
IND563101AAB,2,3,5,19,16,35
IND563130AAA,2,1,3,10,10,20
IND563131AAB,3,3,6,25,24,49
IND560300AAB,3,4,7,18,24,42
IND563116AAA,2,1,3,17,14,31
IND563125AAB,3,2,5,16,15,31
IND561203AAB,1,1,2,12,12,24
IND562101AAA,2,1,3,13,13,26
IND561207AAB,1,2,3,13,13,26
IND562108AAA,1,1,2,12,2,14
IND572101AAA,3,2,5,6,13,19
IND562117AAA,1,1,2,11,10,21
IND560066AAB,1,0,1,2,0,2
IND570020AAA,4,3,7,29,24,53
IND573201AAB,4,5,9,49,45,94
IND577002AAA,4,3,7,29,31,60
IND577501AAA,2,1,3,12,10,22
IND577598AAC,1,1,2,10,11,21
IND583101AAA,3,2,5,21,28,49
IND562132AAC,0,1,1,0,1,1
IND562159AAA,0,1,1,0,11,11
IND563131AAA,1,1,2,14,14,28
IND571301AAA,1,1,2,9,8,17
IND571430AAA,2,1,3,11,10,21
IND571602AAA,1,0,1,14,0,14
IND571104AAA,1,2,3,15,17,32
IND573142AAA,3,1,4,19,17,36
IND577598AAB,1,1,2,16,17,33
IND571105AAA,0,2,2,0,13,13
IND571114AAA,2,1,3,9,8,17
IND571213AAA,1,2,3,12,9,21
IND571111AAB,1,1,2,8,10,18
IND571313AAB,1,1,2,10,10,20
IND571124AAA,1,1,2,10,11,21
IND571440AAA,1,1,2,10,10,20
IND571401AAA,1,1,2,9,10,19
IND562160AAB,1,0,1,10,0,10
IND571426AAA,2,1,3,18,15,33
IND571432AAB,1,1,2,12,17,29
IND571438AAB,0,1,1,0,9,9
IND572201AAB,2,4,6,13,7,20
IND573103AAA,2,2,4,6,7,13
IND577101AAA,3,2,5,10,9,19
IND577116AAA,3,1,4,8,8,16
IND573116AAA,1,3,4,14,14,28
IND573134AAB,2,2,4,14,15,29
IND574104AAA,1,1,2,9,11,20
IND574216AAA,2,2,4,12,6,18
IND574117AAA,1,2,3,5,3,8
IND576101AAA,2,1,3,3,3,6
IND576201AAA,2,1,3,4,4,8
IND574202AAA,1,1,2,5,6,11
IND574239AAA,1,1,2,6,7,13
IND574211AAA,1,2,3,8,6,14
IND574221AAA,1,1,2,7,6,13
IND574227AAA,1,1,2,2,9,11
IND575014AAA,1,1,2,2,1,3
IND671323AAD,1,1,2,3,1,4
IND581320AAA,2,2,4,5,5,10
IND581110AAE,2,2,4,21,20,41
IND581115AAC,1,1,2,19,20,39
IND577132AAD,1,1,2,7,11,18
IND577126AAA,1,1,2,1,1,2
IND577201AAA,3,2,5,9,11,20
IND577432AAA,1,1,2,1,1,2
IND577401AAA,1,2,3,9,8,17
IND577522AAA,1,1,2,10,10,20
IND577535AAC,1,1,2,10,10,20
IND580002AAA,2,1,3,11,2,13
IND581402AAA,1,2,3,15,10,25
IND590016AAA,2,1,3,17,5,22
IND591115AAB,2,2,4,6,6,12
IND591123AAC,1,1,2,18,19,37
IND581119AAB,1,1,2,16,14,30
IND581325AAA,2,1,3,14,14,28
IND581334AAA,2,3,5,5,6,11
IND581343AAC,1,1,2,2,6,8
IND582101AAB,2,1,3,18,18,36
IND582209AAA,1,1,2,17,16,33
IND583201AAA,3,3,6,34,27,61
IND583119AAA,1,1,2,9,9,18
IND583227AAA,1,2,3,16,16,32
IND583231AAA,1,1,2,15,15,30
IND584123AAA,1,1,2,2,1,3
IND584128AAA,1,1,2,1,2,3
IND583121AAA,1,0,1,2,0,2
IND585211AAA,2,2,4,21,20,41
IND585307AAB,2,2,4,22,21,43
IND585314AAA,2,2,4,20,19,39
IND585330AAE,1,1,2,20,21,41
IND586128AAA,2,2,4,18,19,37
IND585222AAA,2,2,4,21,22,43
IND586211AAA,2,2,4,18,19,37
IND585401AAA,1,1,2,21,22,43
IND586101AAA,1,1,2,8,4,12
IND586101AAB,2,1,3,5,5,10
IND587103AAB,1,2,3,19,19,38
IND591302AAB,1,2,3,5,10,15
IND591102AAA,1,1,2,2,18,20
IND591307AAC,1,3,4,18,7,25
IND591126AAA,0,1,1,0,2,2
IND591201AAA,1,2,3,4,11,15
IND591304AAA,1,2,3,10,12,22
IND580030AAA,1,0,1,1,0,1
IND600004AAA,1,1,2,1,3,4
IND600008AAC,3,3,6,36,18,54
IND600008AAA,0,1,1,0,14,14
IND600013AAA,1,0,1,2,0,2
IND600016AAA,0,1,1,0,8,8
IND600119AAA,2,1,3,19,10,29
IND600016AAB,0,1,1,0,22,22
IND600016AAC,2,2,4,23,12,35
IND600032AAB,3,4,7,75,123,198
IND600044AAD,5,5,10,51,52,103
IND600076AAB,2,2,4,58,18,76
IND600048AAA,2,1,3,15,1,16
IND603001AAA,1,1,2,12,13,25
IND603203AAA,2,2,4,3,14,17
IND600044AAE,1,1,2,34,29,63
IND600056AAA,1,1,2,3,7,10
IND602105AAB,1,0,1,7,0,7
IND600110AAA,1,2,3,28,11,39
IND600116AAB,4,3,7,31,16,47
IND605010AAB,2,3,5,23,19,42
IND605601AAA,3,3,6,26,26,52
IND631501AAA,1,2,3,9,11,20
IND635802AAB,4,2,6,17,16,33
IND600073AAA,0,1,1,0,1,1
IND600083AAA,0,1,1,0,2,2
IND600056AAD,1,0,1,1,0,1
IND602024AAA,1,2,3,10,13,23
IND602001AAA,1,1,2,9,3,12
IND602001AAB,0,1,1,0,11,11
IND609001AAA,1,1,2,11,12,23
IND603301AAA,1,1,2,13,14,27
IND603102AAA,1,1,2,4,12,16
IND604303AAA,1,1,2,4,4,8
IND607001AAA,1,1,2,12,11,23
IND607106AAA,1,1,2,14,14,28
IND636102AAA,1,1,2,6,5,11
IND606003AAA,1,1,2,15,14,29
IND606105AAA,1,1,2,14,14,28
IND606201AAC,1,1,2,14,15,29
IND606801AAB,1,1,2,13,13,26
IND606803AAA,1,1,2,11,13,24
IND608001AAA,1,1,2,11,7,18
IND607801AAA,1,1,2,14,15,29
IND609110AAA,1,1,2,7,8,15
IND608301AAA,1,1,2,10,16,26
IND639104AAB,1,1,2,16,1,17
IND614018AAA,1,1,2,12,10,22
IND609602AAA,1,1,2,8,11,19
IND611001AAA,1,1,2,11,10,21
IND610001AAA,2,2,4,27,27,54
IND614715AAA,1,1,2,17,17,34
IND613104AAA,1,0,1,10,0,10
IND614602AAA,0,1,1,0,16,16
IND614804AAA,1,1,2,16,16,32
IND614616AAA,1,1,2,16,16,32
IND630002AAA,1,1,2,16,14,30
IND614620AAA,1,1,2,15,16,31
IND630561AAA,1,2,3,16,20,36
IND614809AAA,1,1,2,17,17,34
IND620020AAA,0,1,1,0,25,25
IND621112AAA,1,1,2,25,1,26
IND621010AAA,1,1,2,15,16,31
IND621212AAA,2,1,3,18,16,34
IND620012AAA,2,0,2,2,0,2
IND621211AAA,0,1,1,0,15,15
IND621704AAA,1,1,2,16,17,33
IND621306AAA,0,1,1,0,12,12
IND625106AAA,1,1,2,12,13,25
IND621802AAA,1,2,3,17,12,29
IND622407AAA,1,1,2,14,14,28
IND622001AAA,1,0,1,14,0,14
IND623315AAB,1,1,2,15,15,30
IND623407AAA,1,1,2,15,15,30
IND623503AAA,1,1,2,7,7,14
IND623526AAA,1,1,2,7,8,15
IND623704AAA,1,1,2,8,7,15
IND623701AAA,1,1,2,5,7,12
IND626607AAB,1,1,2,7,7,14
IND624001AAA,2,3,5,11,22,33
IND624619AAA,2,1,3,12,10,22
IND624703AAA,2,1,3,3,1,4
IND625008AAA,5,3,8,54,19,73
IND624101AAA,1,1,2,15,10,25
IND624202AAA,1,1,2,10,11,21
IND625218AAA,1,1,2,11,1,12
IND624601AAA,1,2,3,10,17,27
IND625516AAA,2,1,3,8,7,15
IND626123AAA,1,1,2,17,17,34
IND685514AAA,3,1,4,9,9,18
IND625531AAA,1,1,2,6,7,13
IND625532AAA,0,2,2,0,7,7
IND626117AAA,1,1,2,17,9,26
IND626138AAA,1,1,2,9,16,25
IND627756AAA,1,1,2,17,17,34
IND627005AAA,3,4,7,38,39,77
IND627117AAA,1,1,2,11,11,22
IND627811AAA,1,1,2,10,10,20
IND628801AAA,1,1,2,17,17,34
IND629001AAA,2,0,2,12,0,12
IND627401AAA,1,1,2,10,13,23
IND627657AAA,1,1,2,17,16,33
IND628613AAA,1,1,2,16,14,30
IND628204AAA,1,1,2,17,17,34
IND629179AAA,0,1,1,0,11,11
IND631003AAA,1,1,2,10,10,20
IND631102AAA,1,1,2,11,12,23
IND632301AAA,1,2,3,14,12,26
IND632402AAA,1,1,2,8,11,19
IND636705AAB,2,2,4,9,9,18
IND635207AAA,1,1,2,1,1,2
IND635601AAB,1,2,3,10,11,21
IND636005AAA,0,2,2,0,5,5
IND636005AAC,1,0,1,1,0,1
IND636016AAA,1,2,3,4,16,20
IND636402AAA,2,0,2,17,0,17
IND637211AAA,1,1,2,15,16,31
IND636352AAA,0,1,1,0,5,5
IND637301AAA,0,1,1,0,10,10
IND638001AAA,1,1,2,10,3,13
IND637408AAA,0,1,1,0,10,10
IND637001AAA,1,0,1,10,0,10
IND638052AAA,1,0,1,3,0,3
IND638401AAA,1,1,2,12,12,24
IND638452AAA,1,1,2,12,3,15
IND638501AAB,1,1,2,3,14,17
IND641062AAD,7,8,15,71,64,135
IND638657AAA,1,1,2,15,16,31
IND638701AAA,1,1,2,16,17,33
IND641607AAA,2,3,5,29,35,64
IND639001AAA,0,1,1,0,9,9
IND641001AAA,2,1,3,6,3,9
IND641006AAD,0,1,1,0,5,5
IND641008AAA,1,2,3,2,4,6
IND641011AAA,1,1,2,1,9,10
IND642001AAA,2,2,4,18,18,36
IND642126AAA,2,1,3,18,17,35
IND643217AAA,2,1,3,13,10,23
IND643231AAA,1,1,2,15,11,26
IND641654AAA,1,1,2,11,11,22
IND641664AAA,2,1,3,15,15,30
IND643001AAA,1,1,2,10,6,16
IND643212AAA,1,1,2,6,3,9
IND670643AAA,1,1,2,17,5,22
IND670645AAB,2,1,3,9,6,15
IND673592AAA,2,3,5,18,24,42
IND671315AAA,0,1,1,0,2,2
IND000000ACO,1,0,1,1,0,1
IND673104AAA,3,1,4,16,17,33
IND673305AAA,2,1,3,6,14,20
IND673506AAA,1,1,2,17,17,34
IND673121AAA,1,1,2,11,8,19
IND673573AAA,0,1,1,0,12,12
IND676306AAA,1,1,2,4,7,11
IND676509AAA,1,2,3,7,4,11
IND678583AAA,1,0,1,1,0,1
IND679322AAA,1,1,2,3,1,4
IND678683AAA,1,1,2,14,13,27
IND679303AAA,1,1,2,11,14,25
IND679531AAA,1,1,2,14,15,29
IND673639AAA,2,0,2,4,0,4
IND679329AAA,0,1,1,0,3,3
IND680587AAA,1,2,3,15,14,29
IND680012AAA,1,1,2,11,11,22
IND68004AAA,2,2,4,23,24,47
IND680104AAA,1,1,2,16,17,33
IND679576AAA,1,0,1,17,0,17
IND680307AAA,1,2,3,13,12,25
IND680712AAA,1,1,2,7,9,16
IND686028AAB,3,2,5,25,17,42
IND683572AAA,0,1,1,0,13,13
IND686632AAA,1,1,2,1,1,2
IND689101AAA,1,2,3,16,10,26
IND686507AAA,1,2,3,1,16,17
IND686513AAA,1,2,3,15,9,24
IND686540AAA,2,1,3,9,2,11
IND686141AAA,1,0,1,1,0,1
IND688009AAA,1,1,2,15,16,31
IND688524AAA,0,1,1,0,7,7
IND689650AAA,1,1,2,6,3,9
IND690548AAA,2,1,3,7,15,22
IND689503AAB,1,1,2,1,1,2
IND689645AAA,1,1,2,15,15,30
IND691551AAA,2,1,3,16,20,36
IND690537AAA,0,1,1,0,1,1
IND691001AAB,2,4,6,32,32,64
IND690573AAA,1,0,1,1,0,1
IND691506AAA,1,1,2,21,20,41
IND695012AAA,5,2,7,9,14,23
IND691305AAA,1,2,3,20,16,36
IND691574AAA,2,1,3,21,21,42
IND695614AAA,1,1,2,21,3,24
IND695101AAB,2,2,4,21,21,42
IND695012AAB,0,1,1,0,3,3
IND695541AAA,2,2,4,14,2,16
IND695582AAA,0,2,2,0,20,20
IND695609AAA,1,1,2,3,3,6
IND700026AAC,2,2,4,31,6,37
IND700065AAA,2,2,4,31,26,57
IND700053AAA,3,4,7,25,16,41
IND700136AAB,1,1,2,1,1,2
IND700144AAA,1,1,2,5,4,9
IND743513AAA,1,1,2,4,12,16
IND700065AAB,0,1,1,0,15,15
IND712310AAA,2,0,2,38,0,38
IND700088AAA,1,1,2,30,9,39
IND700136AAG,0,1,1,0,23,23
IND743395AAA,1,1,2,4,4,8
IND711303AAA,1,1,2,18,17,35
IND721134AAB,1,2,3,17,17,34
IND712103AAA,2,2,4,26,24,50
IND712124AAA,2,2,4,31,28,59
IND712310AAE,5,4,9,38,50,88
IND711409AAA,1,0,1,1,0,1
IND712410AAC,1,1,2,9,6,15
IND713103AAA,1,1,2,6,4,10
IND713145AAB,1,2,3,3,3,6
IND713205AAB,7,11,18,59,45,104
IND721306AAA,4,4,8,28,21,49
IND732103AAB,4,3,7,9,15,24
IND742101AAC,6,6,12,34,26,60
IND742102AAB,5,5,10,53,41,94
IND743235AAA,1,1,2,5,6,11
IND826004AAA,7,9,16,63,37,100
IND712406AAA,1,2,3,6,4,10
IND712602AAA,2,2,4,4,3,7
IND712612AAA,1,1,2,1,3,4
IND722154AAA,2,2,4,5,2,7
IND713128AAB,1,2,3,17,16,33
IND731204AAB,1,1,2,13,13,26
IND731301AAA,2,1,3,16,19,35
IND713130AAA,2,2,4,16,18,34
IND741123AAB,2,1,3,18,18,36
IND741126AAB,2,1,3,19,20,39
IND741101AAB,1,1,2,1,1,2
IND741316AAA,1,0,1,2,0,2
IND713148AAA,1,1,2,3,17,20
IND713303AAA,1,1,2,5,6,11
IND722101AAA,1,1,2,2,8,10
IND722101AAB,1,1,2,1,1,2
IND722101AAC,2,0,2,9,0,9
IND722122AAA,2,1,3,9,8,17
IND722143AAB,1,1,2,9,10,19
IND722202AAA,1,2,3,4,5,9
IND723130AAA,4,2,6,24,21,45
IND723133AAA,2,1,3,11,13,24
IND713364AAB,1,1,2,6,12,18
IND721102AAA,1,1,2,5,13,18
IND721133AAA,1,1,2,2,2,4
IND721434AAB,1,1,2,2,2,4
IND721139AAC,2,2,4,20,3,23
IND721602AAB,2,1,3,5,4,9
IND721636AAB,1,1,2,1,3,4
IND721212AAA,0,1,1,0,10,10
IND721253AAC,2,2,4,7,12,19
IND721501AAC,1,2,3,1,7,8
IND721507AAA,1,0,1,13,0,13
IND721401AAA,1,1,2,2,2,4
IND722140AAA,1,2,3,12,10,22
IND722151AAA,1,1,2,9,8,17
IND723101AAA,1,1,2,15,14,29
IND723202AAA,1,1,2,14,14,28
IND723131AAA,1,1,2,6,12,18
IND731224AAA,1,1,2,15,11,26
IND742147AAA,1,1,2,11,3,14
IND731237AAB,2,1,3,18,15,33
IND732103AAA,2,1,3,2,2,4
IND732138AAA,1,3,4,2,7,9
IND732123AAC,3,1,4,4,1,5
IND732202AAA,1,1,2,8,11,19
IND733128AAA,1,2,3,6,7,13
IND732139AAA,2,2,4,7,2,9
IND733102AAA,2,1,3,11,1,12
IND733124AAA,1,0,1,3,0,3
IND733140AAA,1,2,3,2,10,12
IND732204AAB,1,2,3,11,8,19
IND733129AAB,2,1,3,5,5,10
IND733134AAA,1,1,2,5,3,8
IND733129AAA,1,1,2,5,4,9
IND733201AAA,0,1,1,0,1,1
IND733202AAB,1,1,2,1,1,2
IND733210AAA,2,0,2,2,0,2
IND733202AAC,0,1,1,0,1,1
IND734214AAB,0,1,1,0,3,3
IND735224AAA,0,1,1,0,8,8
IND736146AAA,1,1,2,8,8,16
IND736135AAA,1,2,3,8,11,19
IND736101AAA,1,0,1,6,0,6
IND736165AAA,1,0,1,5,0,5
IND741502AAB,1,0,1,1,0,1
IND741121AAA,0,1,1,0,1,1
IND741201AAC,1,1,2,1,4,5
IND741156AAA,1,2,3,20,21,41
IND741165AAB,1,1,2,18,15,33
IND742121AAB,2,2,4,16,17,33
IND742202AAA,1,2,3,1,3,4
IND742303AAB,2,1,3,19,18,37
IND742121AAA,1,2,3,16,18,34
IND742137AAA,1,1,2,3,6,9
IND742401AAA,1,2,3,6,17,23
IND742148AAA,1,1,2,14,16,30
IND742225AAA,2,1,3,17,16,33
IND742149AAA,0,2,2,0,15,15
IND742223AAA,1,1,2,16,17,33
IND742226AAA,1,2,3,17,19,36
IND743270AAA,1,1,2,6,5,11
IND743347AAA,1,1,2,12,6,18
IND754103AAA,1,1,2,7,1,8
IND756100AAC,3,4,7,25,19,44
IND760003AAB,1,2,3,12,2,14
IND751014AAA,0,1,1,0,5,5
IND751015AAA,0,4,4,0,13,13
IND752050AAA,2,2,4,2,3,5
IND752055AAA,1,2,3,2,2,4
IND752056AAA,2,1,3,7,1,8
IND751021AAA,0,1,1,0,1,1
IND752030AAA,0,1,1,0,1,1
IND754022AAA,2,1,3,2,2,4
IND754142AAA,2,1,3,2,2,4
IND754211AAA,1,1,2,2,1,3
IND754160AAA,0,1,1,0,1,1
IND754202AAA,1,1,2,1,1,2
IND756019AAA,3,5,8,6,12,18
IND756029AAA,1,1,2,1,1,2
IND756032AAA,1,1,2,1,9,10
IND757001AAA,3,1,4,8,2,10
IND757025AAA,1,1,2,8,6,14
IND757041AAA,2,2,4,3,5,8
IND756045AAB,1,1,2,1,1,2
IND757037AAA,3,2,5,6,13,19
IND758001AAA,4,2,6,7,6,13
IND758034AAA,1,3,4,13,4,17
IND757024AAA,0,1,1,0,1,1
IND758035AAA,1,1,2,3,1,4
IND759122AAC,1,1,2,1,1,2
IND767017AAA,2,2,4,4,3,7
IND761020AAA,1,0,1,1,0,1
IND762001AAA,1,1,2,1,1,2
IND764059AAA,1,1,2,7,3,10
IND764071AAB,1,2,3,3,4,7
IND764073AAA,1,0,1,2,0,2
IND767001AAA,3,2,5,3,4,7
IND768004AAD,1,2,3,2,3,5
IND768028AAA,1,1,2,2,1,3
IND768028AAB,1,1,2,1,1,2
IND768201AAA,0,1,1,0,1,1
IND770001AAA,2,1,3,6,6,12
IND768216AAA,0,1,1,0,5,5
IND770017AAB,1,0,1,6,0,6
IND781001AAA,0,1,1,0,10,10
IND781003AAA,1,1,2,7,3,10
IND781005AAA,1,1,2,6,10,16
IND781014AAA,0,2,2,0,12,12
IND781102AAA,2,1,3,5,2,7
IND781124AAA,1,1,2,8,6,14
IND781018AAA,0,1,1,0,2,2
IND781022AAA,1,1,2,9,12,21
IND781354AAA,1,1,2,8,2,10
IND784001AAA,3,4,7,7,6,13
IND784125AAA,1,1,2,4,3,7
IND784168AAB,3,2,5,3,8,11
IND785001AAA,5,3,8,15,15,30
IND785612AAB,2,2,4,3,2,5
IND785621AAA,2,1,3,2,3,5
IND788026AAC,4,4,8,23,34,57
IND793001AAA,1,2,3,10,3,13
IND781335AAA,1,1,2,2,4,6
IND783129AAA,1,1,2,10,1,11
IND794101AAA,1,1,2,1,9,10
IND783301AAA,2,1,3,10,11,21
IND783348AAA,1,1,2,11,10,21
IND783370AAB,0,1,1,0,2,2
IND784101AAA,1,1,2,1,1,2
IND790114AAA,2,0,2,2,0,2
IND791111AAC,2,0,2,5,0,5
IND784110AAA,1,2,3,3,3,6
IND784176AAA,1,1,2,6,4,10
IND785112AAC,1,2,3,3,4,7
IND785682AAA,2,2,4,27,12,39
IND798601AAA,1,1,2,1,5,6
IND785634AAA,1,1,2,2,3,5
IND785675AAA,1,1,2,3,1,4
IND785690AAB,1,1,2,2,16,18
IND786001AAB,6,7,13,38,42,80
IND786125AAA,2,1,3,6,7,13
IND786171AAA,1,1,2,13,11,24
IND786184AAA,1,2,3,10,7,17
IND786190AAA,3,2,5,10,10,20
IND786602AAA,1,0,1,13,0,13
IND792103AAB,2,1,3,10,11,21
IND786181AAC,3,3,6,25,34,59
IND792120AAB,1,1,2,9,3,12
IND792121AAB,1,1,2,11,11,22
IND787001AAA,2,1,3,2,8,10
IND787057AAA,1,1,2,8,10,18
IND787059AAB,1,1,2,10,1,11
IND791102AAA,2,1,3,5,1,6
IND788121AAA,1,1,2,2,3,5
IND788151AAA,1,2,3,13,13,26
IND799250AAA,1,1,2,1,1,2
IND796081AAA,1,1,2,3,1,4
IND788713AAA,2,2,4,13,11,24
IND788806AAA,2,2,4,11,10,21
IND790001AAB,0,1,1,0,1,1
IND791109AAA,0,1,1,0,1,1
IND791110AAA,0,1,1,0,1,1
IND791125AAB,0,1,1,0,4,4
IND792001AAA,1,2,3,11,3,14
IND792110AAA,1,1,2,2,2,4
IND792130AAB,0,1,1,0,10,10
IND793150AAA,1,1,2,2,1,3
IND796009AAA,1,1,2,3,4,7
IND796321AAB,1,1,2,4,3,7
IND799008AAA,1,0,1,1,0,1
IND801103AAA,0,1,1,0,11,11
IND802301AAA,1,1,2,11,10,21
IND802101AAA,1,2,3,6,15,21
IND802119AAA,1,1,2,14,16,30
IND802158AAB,2,1,3,17,11,28
IND802212AAA,1,1,2,5,7,12
IND802213AAB,1,1,2,11,5,16
IND804401AAA,1,0,1,10,0,10
IND803101AAA,1,1,2,11,9,20
IND805110AAD,1,1,2,9,9,18
IND803116AAA,1,1,2,9,13,22
IND803108AAB,1,0,1,13,0,13
IND803213AAA,0,2,2,0,5,5
IND803212AAB,2,0,2,4,0,4
IND811105AAA,1,1,2,3,2,5
IND804420AAA,1,1,2,6,11,17
IND804452AAA,0,1,1,0,6,6
IND811201AAB,2,2,4,2,4,6
IND811213AAA,2,2,4,3,3,6
IND813213AAA,2,0,2,4,0,4
IND811307AAA,0,2,2,0,2,2
IND812002AAA,1,1,2,17,18,35
IND813203AAA,2,0,2,19,0,19
IND813102AAA,0,2,2,0,18,18
IND814101AAB,1,1,2,12,11,23
IND816107AAA,1,1,2,11,8,19
IND814112AAA,3,2,5,7,9,16
IND814133AAA,1,1,2,2,1,3
IND814133AAB,3,1,4,19,13,32
IND816109AAA,2,1,3,14,10,24
IND815301AAA,1,3,4,5,8,13
IND815353AAA,2,3,5,7,11,18
IND815351AAA,1,1,2,11,12,23
IND821109AAA,1,1,2,6,11,17
IND824101AAA,2,2,4,9,11,20
IND821307AAA,1,1,2,4,8,12
IND825102AAA,1,1,2,3,3,6
IND827013AAA,2,1,3,20,5,25
IND825301AAA,1,1,2,14,14,28
IND825409AAA,1,1,2,14,14,28
IND826001AAC,0,1,1,0,2,2
IND828111AAA,2,1,3,4,9,13
IND828205AAA,1,0,1,1,0,1
IND828401AAB,1,1,2,3,7,10
IND829121AAA,1,1,2,5,11,16
IND829122AAA,1,1,2,14,14,28
IND832109AAB,1,1,2,14,22,36
IND841101AAA,0,1,1,0,3,3
IND841207AAB,2,0,2,4,0,4
IND841226AAB,2,1,3,4,2,6
IND841428AAA,2,0,2,8,0,8
IND841301AAC,1,1,2,1,1,2
IND841405AAA,0,1,1,0,1,1
IND841424AAA,0,2,2,0,9,9
IND843105AAB,1,1,2,20,20,40
IND843109AAB,2,2,4,17,12,29
IND843126AAA,2,2,4,13,13,26
IND843301AAA,2,1,3,19,20,39
IND843320AAA,2,1,3,21,8,29
IND843329AAB,1,1,2,13,13,26
IND845401AAA,2,1,3,19,22,41
IND845412AAB,1,1,2,15,15,30
IND845418AAB,2,2,4,15,14,29
IND845438AAA,2,1,3,17,15,32
IND846004AAA,1,2,3,22,22,44
IND847212AAA,1,1,2,22,21,43
IND848101AAA,2,1,3,21,16,37
IND848114AAA,1,1,2,20,21,41
IND854326AAB,8,8,16,62,70,132
IND847223AAA,1,1,2,8,15,23
IND844101AAB,0,1,1,0,1,1
IND844505AAB,1,1,2,16,14,30
IND845305AAA,1,1,2,22,20,42
IND845455AAB,1,2,3,15,20,35
IND847103AAA,1,1,2,21,19,40
IND847404AAB,2,1,3,20,18,38
IND847226AAA,1,1,2,21,21,42
IND848210AAA,1,2,3,21,20,41
IND851127AAA,1,2,3,17,20,37
IND851112AAB,1,0,1,4,0,4
IND852111AAA,2,4,6,18,20,38
IND852118AAA,2,2,4,8,2,10
IND854311AAA,2,3,5,22,12,34
IND854335AAA,2,3,5,3,19,22
IND852113AAA,2,2,4,18,20,38
IND852139AAB,2,1,3,20,21,41
IND852201AAA,3,3,6,15,19,34
IND852118A1B,3,1,4,11,1,12
IND852131AAA,2,2,4,11,9,20
IND853204AAA,2,1,3,7,11,18
IND851204AAA,2,0,2,15,0,15
IND854105AAA,1,1,2,2,2,4
IND854105AAB,1,2,3,11,9,20
IND854334AAA,2,3,5,9,16,25
